{"cameraMode":{"drawMode":0,"name":"Shaded","section":"Shading Mode"},"sceneLighting":false,"audioPlay":false,"sceneViewState":{"showFog":true,"showMaterialUpdate":false,"showSkybox":false,"showFlares":true,"showImageEffects":true,"showParticleSystems":true},"in2DMode":false,"pivot":{"x":-3.368565797805786,"y":2.4782209396362306,"z":0.9809474945068359},"rotation":{"x":-0.47404831647872927,"y":0.5163233280181885,"z":-0.4303319752216339,"w":-0.5687747597694397},"size":5.869103908538818,"orthographic":false}