{"cameraMode":{"drawMode":0,"name":"Shaded","section":"Shading Mode"},"sceneLighting":false,"audioPlay":false,"sceneViewState":{"showFog":true,"showMaterialUpdate":false,"showSkybox":false,"showFlares":true,"showImageEffects":true,"showParticleSystems":true},"in2DMode":false,"pivot":{"x":96.27018737792969,"y":414.87347412109377,"z":0.0},"rotation":{"x":-0.1450372040271759,"y":-0.058737900108098987,"z":0.00862579233944416,"w":-0.9876432418823242},"size":273.2589416503906,"orthographic":false}