{"cameraMode":{"drawMode":0,"name":"Shaded","section":"Shading Mode"},"sceneLighting":false,"audioPlay":false,"sceneViewState":{"showFog":true,"showMaterialUpdate":false,"showSkybox":false,"showFlares":true,"showImageEffects":true,"showParticleSystems":true},"in2DMode":false,"pivot":{"x":-0.5567917823791504,"y":1.7700002193450928,"z":-0.5982842445373535},"rotation":{"x":-0.18236398696899415,"y":0.7260265350341797,"z":-0.21059152483940125,"w":-0.6287274956703186},"size":8.083316802978516,"orthographic":false}