{"cameraMode":{"drawMode":0,"name":"Shaded","section":"Shading Mode"},"sceneLighting":true,"audioPlay":false,"sceneViewState":{"showFog":true,"showMaterialUpdate":false,"showSkybox":true,"showFlares":true,"showImageEffects":true,"showParticleSystems":true},"in2DMode":false,"pivot":{"x":0.20554089546203614,"y":-1.4486026763916016,"z":10.542831420898438},"rotation":{"x":-0.15976017713546754,"y":-0.06599079072475434,"z":0.010704290121793747,"w":-0.9848934412002564},"size":27.134370803833009,"orthographic":false}