{"cameraMode":{"drawMode":0,"name":"Shaded","section":"Shading Mode"},"sceneLighting":false,"audioPlay":false,"sceneViewState":{"showFog":true,"showMaterialUpdate":false,"showSkybox":false,"showFlares":true,"showImageEffects":true,"showParticleSystems":true},"in2DMode":false,"pivot":{"x":0.3946613073348999,"y":0.25582945346832278,"z":0.22951602935791017},"rotation":{"x":0.09995369613170624,"y":0.18983295559883119,"z":-0.019428003579378129,"w":0.9765309691429138},"size":2.7693915367126467,"orthographic":false}