{"cameraMode":{"drawMode":0,"name":"Shaded","section":"Shading Mode"},"sceneLighting":false,"audioPlay":false,"sceneViewState":{"showFog":true,"showMaterialUpdate":false,"showSkybox":false,"showFlares":true,"showImageEffects":true,"showParticleSystems":true},"in2DMode":false,"pivot":{"x":0.2352098822593689,"y":0.6841790676116943,"z":0.28766775131225588},"rotation":{"x":0.18325670063495637,"y":-0.045694392174482349,"z":0.00852756854146719,"w":0.9819656610488892},"size":6.7405195236206059,"orthographic":false}