{"cameraMode":{"drawMode":0,"name":"Shaded","section":"Shading Mode"},"sceneLighting":false,"audioPlay":false,"sceneViewState":{"showFog":true,"showMaterialUpdate":false,"showSkybox":false,"showFlares":true,"showImageEffects":true,"showParticleSystems":true},"in2DMode":false,"pivot":{"x":-15.446321487426758,"y":7.502354621887207,"z":-1.4008228778839112},"rotation":{"x":-0.24851471185684205,"y":0.3374939560890198,"z":-0.09285175800323487,"w":-0.9032089114189148},"size":19.171466827392579,"orthographic":false}