{"cameraMode":{"drawMode":0,"name":"Shaded","section":"Shading Mode"},"sceneLighting":true,"audioPlay":false,"sceneViewState":{"showFog":true,"showMaterialUpdate":false,"showSkybox":true,"showFlares":true,"showImageEffects":true,"showParticleSystems":true},"in2DMode":false,"pivot":{"x":-7.319341659545898,"y":2.9103429317474367,"z":-8.185280799865723},"rotation":{"x":-0.2508156895637512,"y":0.04557153210043907,"z":-0.011821010150015355,"w":-0.9668909907341003},"size":6.203087329864502,"orthographic":false}