{"cameraMode":{"drawMode":0,"name":"Shaded","section":"Shading Mode"},"sceneLighting":false,"audioPlay":false,"sceneViewState":{"showFog":true,"showMaterialUpdate":false,"showSkybox":false,"showFlares":true,"showImageEffects":true,"showParticleSystems":true},"in2DMode":false,"pivot":{"x":0.4128246009349823,"y":0.24582096934318543,"z":0.21994294226169587},"rotation":{"x":-0.12673956155776978,"y":-0.1828034371137619,"z":0.02377086877822876,"w":-0.9746570587158203},"size":2.7693915367126467,"orthographic":false}