{"cameraMode":{"drawMode":0,"name":"Shaded","section":"Shading Mode"},"sceneLighting":false,"audioPlay":false,"sceneViewState":{"showFog":true,"showMaterialUpdate":false,"showSkybox":false,"showFlares":true,"showImageEffects":true,"showParticleSystems":true},"in2DMode":false,"pivot":{"x":-0.47304344177246096,"y":0.36861181259155276,"z":3.5199999809265138},"rotation":{"x":-0.09084581583738327,"y":0.9023886322975159,"z":-0.2340831309556961,"w":-0.3502100110054016},"size":2.8578836917877199,"orthographic":false}