{"cameraMode":{"drawMode":0,"name":"Shaded","section":"Shading Mode"},"sceneLighting":true,"audioPlay":false,"sceneViewState":{"showFog":true,"showMaterialUpdate":false,"showSkybox":true,"showFlares":true,"showImageEffects":true,"showParticleSystems":true},"in2DMode":false,"pivot":{"x":1.402379035949707,"y":0.11425945907831192,"z":0.02710503526031971},"rotation":{"x":-0.12673956155776978,"y":-0.1828034371137619,"z":0.02377086877822876,"w":-0.9746570587158203},"size":14.982951164245606,"orthographic":false}